Book Title,Level,Ex,Sub,Topic,Description,Resource ID,Difficulty Level
Oxford Primary Essentials Science Test Papers P5&6 Book B,P5,1,A,Energy,Energy from Food,PSC_UBAT1KR_Ene_1_0_Q_FIB,1
Oxford Primary Essentials Science Test Papers P5&6 Book B,P5,1,A,Energy,Energy from Food,PSC_UBAT1KR_Ene_2_0_Q_FIB,1
Oxford Primary Essentials Science Test Papers P5&6 Book B,P5,1,A,Energy,Energy from Food,PSC_UBAT1KR_Ene_3_0_Q_FIB,1
Oxford Primary Essentials Science Test Papers P5&6 Book B,P5,1,A,Energy,Energy from Food,PSC_UBAT1KR_Ene_4_0_Q_FIB,1
Oxford Primary Essentials Science Test Papers P5&6 Book B,P5,1,A,Energy,Energy from Food,PSC_UBAT1KR_Ene_5_0_Q_FIB,1
Oxford Primary Essentials Science Test Papers P5&6 Book B,P5,1,A,Energy,Energy from Food,PSC_UBAT1KR_Ene_6_0_Q_FIB,1
Oxford Primary Essentials Science Test Papers P5&6 Book B,P5,1,A,Energy,Energy from Food,PSC_UBAT1KR_Ene_7_0_Q_FIB,1
Oxford Primary Essentials Science Test Papers P5&6 Book B,P5,1,A,Energy,Energy from Food,PSC_UBAT1KR_Ene_8_0_Q_FIB,1
Oxford Primary Essentials Science Test Papers P5&6 Book B,P5,1,A,Energy,Energy from Food,PSC_UBAT1KR_Ene_9_0_Q_FIB,1
Oxford Primary Essentials Science Test Papers P5&6 Book B,P5,1,A,Energy,Energy from Food,PSC_UBAT1KR_Ene_10_0_Q_FIB,1
Oxford Primary Essentials Science Test Papers P5&6 Book B,P5,1,A,Energy,Energy from Food,PSC_UBAT1KR_Ene_11_0_Q_FIB,1
Oxford Primary Essentials Science Test Papers P5&6 Book B,P5,1,A,Energy,Energy from Food,PSC_UBAT1KR_Ene_12_0_Q_FIB,1
Oxford Primary Essentials Science Test Papers P5&6 Book B,P5,1,A,Energy,Energy from Food,PSC_UBAT1KR_Ene_13_0_Q_FIB,1
Oxford Primary Essentials Science Test Papers P5&6 Book B,P5,1,A,Energy,Energy from Food,PSC_UBAT1KR_Ene_14_0_Q_FIB,1
Oxford Primary Essentials Science Test Papers P5&6 Book B,P5,1,A,Energy,Energy from Food,PSC_UBAT1KR_Ene_15_0_Q_FIB,1
Oxford Primary Essentials Science Test Papers P5&6 Book B,P5,1,A,Energy,Energy from Food,PSC_UBAT1KR_Ene_16_0_Q_FIB,1
Oxford Primary Essentials Science Test Papers P5&6 Book B,P5,1,A,Energy,Energy from Food,PSC_UBAT1KR_Ene_17_0_Q_FIB,1
Oxford Primary Essentials Science Test Papers P5&6 Book B,P5,1,A,Energy,Energy from Food,PSC_UBBTP1A_Ene_1_0_Q_MCQ,1
Oxford Primary Essentials Science Test Papers P5&6 Book B,P5,1,A,Energy,Energy from Food,PSC_UBBTP1A_Ene_2_0_Q_MCQ,1
Oxford Primary Essentials Science Test Papers P5&6 Book B,P5,1,A,Energy,Energy from Food,PSC_UBBTP1A_Ene_3_0_Q_MCQ,1
Oxford Primary Essentials Science Test Papers P5&6 Book B,P5,1,A,Energy,Energy from Food,PSC_UBBTP1A_Ene_4_0_Q_MCQ,1
Oxford Primary Essentials Science Test Papers P5&6 Book B,P5,1,A,Energy,Energy from Food,PSC_UBBTP1A_Ene_5_0_Q_MCQ,1
Oxford Primary Essentials Science Test Papers P5&6 Book B,P5,1,A,Energy,Energy from Food,PSC_UBBTP1A_Ene_6_0_Q_MCQ,1
Oxford Primary Essentials Science Test Papers P5&6 Book B,P5,1,A,Energy,Energy from Food,PSC_UBBTP1A_Ene_7_0_Q_MCQ,1
Oxford Primary Essentials Science Test Papers P5&6 Book B,P5,1,A,Energy,Energy from Food,PSC_UBBTP1A_Ene_8_0_Q_MCQ,1
Oxford Primary Essentials Science Test Papers P5&6 Book B,P5,1,A,Energy,Energy from Food,PSC_UBBTP1A_Ene_9_0_Q_MCQ,1
Oxford Primary Essentials Science Test Papers P5&6 Book B,P5,1,A,Energy,Energy from Food,PSC_UBBTP1A_Ene_10_0_Q_MCQ,1
Oxford Primary Essentials Science Test Papers P5&6 Book B,P5,1,A,Energy,Energy from Food,PSC_UBBTP2B_Ene_1_0_Q_OE,1
Oxford Primary Essentials Science Test Papers P5&6 Book B,P5,1,A,Energy,Energy from Food,PSC_UBBTP2B_Ene_2_0_Q_OE,1
Oxford Primary Essentials Science Test Papers P5&6 Book B,P5,1,A,Energy,Energy from Food,PSC_UBBTP2B_Ene_3_0_Q_OE,1
Oxford Primary Essentials Science Test Papers P5&6 Book B,P5,1,A,Energy,Energy from Food,PSC_UBBTP2B_Ene_4_0_Q_OE,1
Oxford Primary Essentials Science Test Papers P5&6 Book B,P5,2,A,Energy,Forms of Energy and Their Conversions,PSC_UBBT2KR_Ene_1_0_Q_FIB,1
Oxford Primary Essentials Science Test Papers P5&6 Book B,P5,2,A,Energy,Forms of Energy and Their Conversions,PSC_UBBT2KR_Ene_2_0_Q_FIB,1
Oxford Primary Essentials Science Test Papers P5&6 Book B,P5,2,A,Energy,Forms of Energy and Their Conversions,PSC_UBBT2KR_Ene_3_0_Q_FIB,1
Oxford Primary Essentials Science Test Papers P5&6 Book B,P5,2,A,Energy,Forms of Energy and Their Conversions,PSC_UBBT2KR_Ene_4_0_Q_FIB,1
Oxford Primary Essentials Science Test Papers P5&6 Book B,P5,2,A,Energy,Forms of Energy and Their Conversions,PSC_UBBT2KR_Ene_5_0_Q_FIB,1
Oxford Primary Essentials Science Test Papers P5&6 Book B,P5,2,A,Energy,Forms of Energy and Their Conversions,PSC_UBBT2KR_Ene_6_0_Q_FIB,1
Oxford Primary Essentials Science Test Papers P5&6 Book B,P5,2,A,Energy,Forms of Energy and Their Conversions,PSC_UBBT2KR_Ene_7_0_Q_FIB,1
Oxford Primary Essentials Science Test Papers P5&6 Book B,P5,2,A,Energy,Forms of Energy and Their Conversions,PSC_UBBT2KR_Ene_8_0_Q_FIB,1
Oxford Primary Essentials Science Test Papers P5&6 Book B,P5,2,A,Energy,Forms of Energy and Their Conversions,PSC_UBBT2KR_Ene_9_0_Q_FIB,1
Oxford Primary Essentials Science Test Papers P5&6 Book B,P5,2,A,Energy,Forms of Energy and Their Conversions,PSC_UBBT2KR_Ene_10_0_Q_FIB,1
Oxford Primary Essentials Science Test Papers P5&6 Book B,P5,2,A,Energy,Forms of Energy and Their Conversions,PSC_UBBT2KR_Ene_11_0_Q_FIB,1
Oxford Primary Essentials Science Test Papers P5&6 Book B,P5,2,A,Energy,Forms of Energy and Their Conversions,PSC_UBBT2KR_Ene_12_0_Q_FIB,1
Oxford Primary Essentials Science Test Papers P5&6 Book B,P5,2,A,Energy,Forms of Energy and Their Conversions,PSC_UBBT2KR_Ene_13_0_Q_FIB,1
Oxford Primary Essentials Science Test Papers P5&6 Book B,P5,2,A,Energy,Forms of Energy and Their Conversions,PSC_UBBT2KR_Ene_14_0_Q_FIB,1
Oxford Primary Essentials Science Test Papers P5&6 Book B,P5,2,A,Energy,Forms of Energy and Their Conversions,PSC_UBBTP2A_Ene_1_0_Q_MCQ,1
Oxford Primary Essentials Science Test Papers P5&6 Book B,P5,2,A,Energy,Forms of Energy and Their Conversions,PSC_UBBTP2A_Ene_2_0_Q_MCQ,1
Oxford Primary Essentials Science Test Papers P5&6 Book B,P5,2,A,Energy,Forms of Energy and Their Conversions,PSC_UBBTP2A_Ene_3_0_Q_MCQ,1
Oxford Primary Essentials Science Test Papers P5&6 Book B,P5,2,A,Energy,Forms of Energy and Their Conversions,PSC_UBBTP2A_Ene_4_0_Q_MCQ,1
Oxford Primary Essentials Science Test Papers P5&6 Book B,P5,2,A,Energy,Forms of Energy and Their Conversions,PSC_UBBTP2A_Ene_5_0_Q_MCQ,1
Oxford Primary Essentials Science Test Papers P5&6 Book B,P5,2,A,Energy,Forms of Energy and Their Conversions,PSC_UBBTP2A_Ene_6_0_Q_MCQ,1
Oxford Primary Essentials Science Test Papers P5&6 Book B,P5,2,A,Energy,Forms of Energy and Their Conversions,PSC_UBBTP2A_Ene_7_0_Q_MCQ,1
Oxford Primary Essentials Science Test Papers P5&6 Book B,P5,2,A,Energy,Forms of Energy and Their Conversions,PSC_UBBTP2A_Ene_8_0_Q_MCQ,1
Oxford Primary Essentials Science Test Papers P5&6 Book B,P5,2,A,Energy,Forms of Energy and Their Conversions,PSC_UBBTP2A_Ene_9_0_Q_MCQ,1
Oxford Primary Essentials Science Test Papers P5&6 Book B,P5,2,A,Energy,Forms of Energy and Their Conversions,PSC_UBBTP2A_Ene_10_0_Q_MCQ,1
Oxford Primary Essentials Science Test Papers P5&6 Book B,P5,2,A,Energy,Forms of Energy and Their Conversions,PSC_UBBTP2B_Ene_1_0_Q_OE,1
Oxford Primary Essentials Science Test Papers P5&6 Book B,P5,2,A,Energy,Forms of Energy and Their Conversions,PSC_UBBTP2B_Ene_2_0_Q_OE,1
Oxford Primary Essentials Science Test Papers P5&6 Book B,P5,2,A,Energy,Forms of Energy and Their Conversions,PSC_UBBTP2B_Ene_3_0_Q_OE,1
Oxford Primary Essentials Science Test Papers P5&6 Book B,P5,2,A,Energy,Forms of Energy and Their Conversions,PSC_UBBTP2B_Ene_4_0_Q_OE,1
Oxford Primary Essentials Science Test Papers P5&6 Book B,P5,2,A,Energy,Forms of Energy and Their Conversions,PSC_UBBTP2B_Ene_5_0_Q_OE,1
Oxford Primary Essentials Science Test Papers P5&6 Book B,P5,2,A,Energy,Forms of Energy and Their Conversions,PSC_UBBTP2B_Ene_6_0_Q_OE,1
Oxford Primary Essentials Science Test Papers P5&6 Book B,P5,2,A,Energy,Forms of Energy and Their Conversions,PSC_UBBTP2B_Ene_7_0_Q_OE,1
Oxford Primary Essentials Science Test Papers P5&6 Book B,P5,3,A,Energy,Sources and Uses of Energy,PSC_UBBT3KR_Ene_1_0_Q_FIB,1
Oxford Primary Essentials Science Test Papers P5&6 Book B,P5,3,A,Energy,Sources and Uses of Energy,PSC_UBBT3KR_Ene_2_0_Q_FIB,1
Oxford Primary Essentials Science Test Papers P5&6 Book B,P5,3,A,Energy,Sources and Uses of Energy,PSC_UBBT3KR_Ene_3_0_Q_FIB,1
Oxford Primary Essentials Science Test Papers P5&6 Book B,P5,3,A,Energy,Sources and Uses of Energy,PSC_UBBT3KR_Ene_4_0_Q_FIB,1
Oxford Primary Essentials Science Test Papers P5&6 Book B,P5,3,A,Energy,Sources and Uses of Energy,PSC_UBBT3KR_Ene_5_0_Q_FIB,1
Oxford Primary Essentials Science Test Papers P5&6 Book B,P5,3,A,Energy,Sources and Uses of Energy,PSC_UBBT3KR_Ene_6_0_Q_FIB,1
Oxford Primary Essentials Science Test Papers P5&6 Book B,P5,3,A,Energy,Sources and Uses of Energy,PSC_UBBT3KR_Ene_7_0_Q_FIB,1
Oxford Primary Essentials Science Test Papers P5&6 Book B,P5,3,A,Energy,Sources and Uses of Energy,PSC_UBBT3KR_Ene_8_0_Q_FIB,1
Oxford Primary Essentials Science Test Papers P5&6 Book B,P5,3,A,Energy,Sources and Uses of Energy,PSC_UBBT3KR_Ene_9_0_Q_FIB,1
Oxford Primary Essentials Science Test Papers P5&6 Book B,P5,3,A,Energy,Sources and Uses of Energy,PSC_UBBT3KR_Ene_10_0_Q_FIB,1
Oxford Primary Essentials Science Test Papers P5&6 Book B,P5,3,A,Energy,Sources and Uses of Energy,PSC_UBBT3KR_Ene_11_0_Q_FIB,1
Oxford Primary Essentials Science Test Papers P5&6 Book B,P5,3,A,Energy,Sources and Uses of Energy,PSC_UBBT3KR_Ene_12_0_Q_FIB,1
Oxford Primary Essentials Science Test Papers P5&6 Book B,P5,3,A,Energy,Sources and Uses of Energy,PSC_UBBT3KR_Ene_13_0_Q_FIB,1
Oxford Primary Essentials Science Test Papers P5&6 Book B,P5,3,A,Energy,Sources and Uses of Energy,PSC_UBBTP3A_Ene_1_0_Q_MCQ,1
Oxford Primary Essentials Science Test Papers P5&6 Book B,P5,3,A,Energy,Sources and Uses of Energy,PSC_UBBTP3A_Ene_2_0_Q_MCQ,1
Oxford Primary Essentials Science Test Papers P5&6 Book B,P5,3,A,Energy,Sources and Uses of Energy,PSC_UBBTP3A_Ene_3_0_Q_MCQ,1
Oxford Primary Essentials Science Test Papers P5&6 Book B,P5,3,A,Energy,Sources and Uses of Energy,PSC_UBBTP3A_Ene_4_0_Q_MCQ,1
Oxford Primary Essentials Science Test Papers P5&6 Book B,P5,3,A,Energy,Sources and Uses of Energy,PSC_UBBTP3A_Ene_5_0_Q_MCQ,1
Oxford Primary Essentials Science Test Papers P5&6 Book B,P5,3,A,Energy,Sources and Uses of Energy,PSC_UBBTP3A_Ene_6_0_Q_MCQ,1
Oxford Primary Essentials Science Test Papers P5&6 Book B,P5,3,A,Energy,Sources and Uses of Energy,PSC_UBBTP3A_Ene_7_0_Q_MCQ,1
Oxford Primary Essentials Science Test Papers P5&6 Book B,P5,3,A,Energy,Sources and Uses of Energy,PSC_UBBTP3A_Ene_8_0_Q_MCQ,1
Oxford Primary Essentials Science Test Papers P5&6 Book B,P5,3,A,Energy,Sources and Uses of Energy,PSC_UBBTP3A_Ene_9_0_Q_MCQ,1
Oxford Primary Essentials Science Test Papers P5&6 Book B,P5,3,A,Energy,Sources and Uses of Energy,PSC_UBBTP3A_Ene_10_0_Q_MCQ,1
Oxford Primary Essentials Science Test Papers P5&6 Book B,P5,3,A,Energy,Sources and Uses of Energy,PSC_UBBTP3B_Ene_1_0_Q_OE,1
Oxford Primary Essentials Science Test Papers P5&6 Book B,P5,3,A,Energy,Sources and Uses of Energy,PSC_UBBTP3B_Ene_2_0_Q_OE,1
Oxford Primary Essentials Science Test Papers P5&6 Book B,P5,3,A,Energy,Sources and Uses of Energy,PSC_UBBTP3B_Ene_3_0_Q_OE,1
Oxford Primary Essentials Science Test Papers P5&6 Book B,P5,3,A,Energy,Sources and Uses of Energy,PSC_UBBTP3B_Ene_4_0_Q_OE,1
Oxford Primary Essentials Science Test Papers P5&6 Book B,P5,3,A,Energy,Sources and Uses of Energy,PSC_UBBTP3B_Ene_5_0_Q_OE,1
Oxford Primary Essentials Science Test Papers P5&6 Book B,P5,3,A,Energy,Sources and Uses of Energy,PSC_UBBTP3B_Ene_6_0_Q_OE,1
Oxford Primary Essentials Science Test Papers P5&6 Book B,P5,4,A,Energy,Thematic Test,PSC_UBBTT3_Ene_1_0_Q_MCQ,1
Oxford Primary Essentials Science Test Papers P5&6 Book B,P5,4,A,Energy,Thematic Test,PSC_UBBTT3_Ene_2_0_Q_MCQ,1
Oxford Primary Essentials Science Test Papers P5&6 Book B,P5,4,A,Energy,Thematic Test,PSC_UBBTT3_Ene_3_0_Q_MCQ,1
Oxford Primary Essentials Science Test Papers P5&6 Book B,P5,4,A,Energy,Thematic Test,PSC_UBBTT3_Ene_4_0_Q_MCQ,1
Oxford Primary Essentials Science Test Papers P5&6 Book B,P5,4,A,Energy,Thematic Test,PSC_UBBTT3_Ene_5_0_Q_MCQ,1
Oxford Primary Essentials Science Test Papers P5&6 Book B,P5,4,A,Energy,Thematic Test,PSC_UBBTT3_Ene_6_0_Q_MCQ,1
Oxford Primary Essentials Science Test Papers P5&6 Book B,P5,4,A,Energy,Thematic Test,PSC_UBBTT3_Ene_7_0_Q_MCQ,1
Oxford Primary Essentials Science Test Papers P5&6 Book B,P5,4,A,Energy,Thematic Test,PSC_UBBTT3_Ene_8_0_Q_MCQ,1
Oxford Primary Essentials Science Test Papers P5&6 Book B,P5,4,A,Energy,Thematic Test,PSC_UBBTT3_Ene_9_0_Q_MCQ,1
Oxford Primary Essentials Science Test Papers P5&6 Book B,P5,4,A,Energy,Thematic Test,PSC_UBBTT3_Ene_10_0_Q_MCQ,1
Oxford Primary Essentials Science Test Papers P5&6 Book B,P5,4,A,Energy,Thematic Test,PSC_UBBTT3_Ene_11_0_Q_MCQ,1
Oxford Primary Essentials Science Test Papers P5&6 Book B,P5,4,A,Energy,Thematic Test,PSC_UBBTT3_Ene_12_0_Q_MCQ,1
Oxford Primary Essentials Science Test Papers P5&6 Book B,P5,4,A,Energy,Thematic Test,PSC_UBBTT3_Ene_13_0_Q_MCQ,1
Oxford Primary Essentials Science Test Papers P5&6 Book B,P5,4,A,Energy,Thematic Test,PSC_UBBTT3_Ene_14_0_Q_MCQ,1
Oxford Primary Essentials Science Test Papers P5&6 Book B,P5,4,A,Energy,Thematic Test,PSC_UBBTT3_Ene_15_0_Q_MCQ,1
Oxford Primary Essentials Science Test Papers P5&6 Book B,P5,4,A,Energy,Thematic Test,PSC_UBBTT3_Ene_1_0_Q_FIB,1
Oxford Primary Essentials Science Test Papers P5&6 Book B,P5,4,A,Energy,Thematic Test,PSC_UBBTT3_Ene_2_0_Q_FIB,1
Oxford Primary Essentials Science Test Papers P5&6 Book B,P5,4,A,Energy,Thematic Test,PSC_UBBTT3_Ene_3_0_Q_FIB,1
Oxford Primary Essentials Science Test Papers P5&6 Book B,P5,4,A,Energy,Thematic Test,PSC_UBBTT3_Ene_4_0_Q_FIB,1
Oxford Primary Essentials Science Test Papers P5&6 Book B,P5,4,A,Energy,Thematic Test,PSC_UBBTT3_Ene_5_0_Q_FIB,1
Oxford Primary Essentials Science Test Papers P5&6 Book B,P5,4,A,Energy,Thematic Test,PSC_UBBTT3_Ene_6_0_Q_FIB,1
Oxford Primary Essentials Science Test Papers P5&6 Book B,P5,5,A,Interactions,Forces,PSC_UBBT1KR_Int_1_0_Q_FIB,1
Oxford Primary Essentials Science Test Papers P5&6 Book B,P5,5,A,Interactions,Forces,PSC_UBBT1KR_Int_2_0_Q_FIB,1
Oxford Primary Essentials Science Test Papers P5&6 Book B,P5,5,A,Interactions,Forces,PSC_UBBT1KR_Int_3_0_Q_FIB,1
Oxford Primary Essentials Science Test Papers P5&6 Book B,P5,5,A,Interactions,Forces,PSC_UBBT1KR_Int_4_0_Q_FIB,1
Oxford Primary Essentials Science Test Papers P5&6 Book B,P5,5,A,Interactions,Forces,PSC_UBBT1KR_Int_5_0_Q_FIB,1
Oxford Primary Essentials Science Test Papers P5&6 Book B,P5,5,A,Interactions,Forces,PSC_UBBT1KR_Int_6_0_Q_FIB,1
Oxford Primary Essentials Science Test Papers P5&6 Book B,P5,5,A,Interactions,Forces,PSC_UBBT1KR_Int_7_0_Q_FIB,1
Oxford Primary Essentials Science Test Papers P5&6 Book B,P5,5,A,Interactions,Forces,PSC_UBBT1KR_Int_8_0_Q_FIB,1
Oxford Primary Essentials Science Test Papers P5&6 Book B,P5,5,A,Interactions,Forces,PSC_UBBT1KR_Int_9_0_Q_FIB,1
Oxford Primary Essentials Science Test Papers P5&6 Book B,P5,5,A,Interactions,Forces,PSC_UBBT1KR_Int_10_0_Q_FIB,1
Oxford Primary Essentials Science Test Papers P5&6 Book B,P5,5,A,Interactions,Forces,PSC_UBBT1KR_Int_11_0_Q_FIB,1
Oxford Primary Essentials Science Test Papers P5&6 Book B,P5,5,A,Interactions,Forces,PSC_UBBT1KR_Int_12_0_Q_FIB,1
Oxford Primary Essentials Science Test Papers P5&6 Book B,P5,5,A,Interactions,Forces,PSC_UBBT1KR_Int_13_0_Q_FIB,1
Oxford Primary Essentials Science Test Papers P5&6 Book B,P5,5,A,Interactions,Forces,PSC_UBBT1KR_Int_14_0_Q_FIB,1
Oxford Primary Essentials Science Test Papers P5&6 Book B,P5,5,A,Interactions,Forces,PSC_UBBT1KR_Int_15_0_Q_FIB,1
Oxford Primary Essentials Science Test Papers P5&6 Book B,P5,5,A,Interactions,Forces,PSC_UBBTP1A_Int_1_0_Q_MCQ,1
Oxford Primary Essentials Science Test Papers P5&6 Book B,P5,5,A,Interactions,Forces,PSC_UBBTP1A_Int_2_0_Q_MCQ,1
Oxford Primary Essentials Science Test Papers P5&6 Book B,P5,5,A,Interactions,Forces,PSC_UBBTP1A_Int_3_0_Q_MCQ,1
Oxford Primary Essentials Science Test Papers P5&6 Book B,P5,5,A,Interactions,Forces,PSC_UBBTP1A_Int_4_0_Q_MCQ,1
Oxford Primary Essentials Science Test Papers P5&6 Book B,P5,5,A,Interactions,Forces,PSC_UBBTP1A_Int_5_0_Q_MCQ,1
Oxford Primary Essentials Science Test Papers P5&6 Book B,P5,5,A,Interactions,Forces,PSC_UBBTP1A_Int_6_0_Q_MCQ,1
Oxford Primary Essentials Science Test Papers P5&6 Book B,P5,5,A,Interactions,Forces,PSC_UBBTP1A_Int_7_0_Q_MCQ,1
Oxford Primary Essentials Science Test Papers P5&6 Book B,P5,5,A,Interactions,Forces,PSC_UBBTP1A_Int_8_0_Q_MCQ,1
Oxford Primary Essentials Science Test Papers P5&6 Book B,P5,5,A,Interactions,Forces,PSC_UBBTP1A_Int_9_0_Q_MCQ,1
Oxford Primary Essentials Science Test Papers P5&6 Book B,P5,5,A,Interactions,Forces,PSC_UBBTP1A_Int_10_0_Q_MCQ,1
Oxford Primary Essentials Science Test Papers P5&6 Book B,P5,5,A,Interactions,Forces,PSC_UBBTP1B_Int_1_0_Q_OE,1
Oxford Primary Essentials Science Test Papers P5&6 Book B,P5,5,A,Interactions,Forces,PSC_UBBTP1B_Int_2_0_Q_OE,1
Oxford Primary Essentials Science Test Papers P5&6 Book B,P5,5,A,Interactions,Forces,PSC_UBBTP1B_Int_3_0_Q_OE,1
Oxford Primary Essentials Science Test Papers P5&6 Book B,P5,5,A,Interactions,Forces,PSC_UBBTP1B_Int_4_0_Q_OE,1
Oxford Primary Essentials Science Test Papers P5&6 Book B,P5,5,A,Interactions,Forces,PSC_UBBTP1B_Int_5_0_Q_OE,1
Oxford Primary Essentials Science Test Papers P5&6 Book B,P5,5,A,Interactions,Forces,PSC_UBBTP1B_Int_6_0_Q_OE,1
Oxford Primary Essentials Science Test Papers P5&6 Book B,P5,6,A,Interactions,Living Organisms and the Environment,PSC_UBBT2KR_Int_1_0_Q_FIB,1
Oxford Primary Essentials Science Test Papers P5&6 Book B,P5,6,A,Interactions,Living Organisms and the Environment,PSC_UBBT2KR_Int_2_0_Q_FIB,1
Oxford Primary Essentials Science Test Papers P5&6 Book B,P5,6,A,Interactions,Living Organisms and the Environment,PSC_UBBT2KR_Int_3_0_Q_FIB,1
Oxford Primary Essentials Science Test Papers P5&6 Book B,P5,6,A,Interactions,Living Organisms and the Environment,PSC_UBBT2KR_Int_4_0_Q_FIB,1
Oxford Primary Essentials Science Test Papers P5&6 Book B,P5,6,A,Interactions,Living Organisms and the Environment,PSC_UBBT2KR_Int_5_0_Q_FIB,1
Oxford Primary Essentials Science Test Papers P5&6 Book B,P5,6,A,Interactions,Living Organisms and the Environment,PSC_UBBT2KR_Int_6_0_Q_FIB,1
Oxford Primary Essentials Science Test Papers P5&6 Book B,P5,6,A,Interactions,Living Organisms and the Environment,PSC_UBBT2KR_Int_7_0_Q_FIB,1
Oxford Primary Essentials Science Test Papers P5&6 Book B,P5,6,A,Interactions,Living Organisms and the Environment,PSC_UBBT2KR_Int_8_0_Q_FIB,1
Oxford Primary Essentials Science Test Papers P5&6 Book B,P5,6,A,Interactions,Living Organisms and the Environment,PSC_UBBT2KR_Int_9_0_Q_FIB,1
Oxford Primary Essentials Science Test Papers P5&6 Book B,P5,6,A,Interactions,Living Organisms and the Environment,PSC_UBBT2KR_Int_10_0_Q_FIB,1
Oxford Primary Essentials Science Test Papers P5&6 Book B,P5,6,A,Interactions,Living Organisms and the Environment,PSC_UBBT2KR_Int_11_0_Q_FIB,1
Oxford Primary Essentials Science Test Papers P5&6 Book B,P5,6,A,Interactions,Living Organisms and the Environment,PSC_UBBT2KR_Int_12_0_Q_FIB,1
Oxford Primary Essentials Science Test Papers P5&6 Book B,P5,6,A,Interactions,Living Organisms and the Environment,PSC_UBBT2KR_Int_13_0_Q_FIB,1
Oxford Primary Essentials Science Test Papers P5&6 Book B,P5,6,A,Interactions,Living Organisms and the Environment,PSC_UBBTP2A_Int_1_0_Q_MCQ,1
Oxford Primary Essentials Science Test Papers P5&6 Book B,P5,6,A,Interactions,Living Organisms and the Environment,PSC_UBBTP2A_Int_2_0_Q_MCQ,1
Oxford Primary Essentials Science Test Papers P5&6 Book B,P5,6,A,Interactions,Living Organisms and the Environment,PSC_UBBTP2A_Int_3_0_Q_MCQ,1
Oxford Primary Essentials Science Test Papers P5&6 Book B,P5,6,A,Interactions,Living Organisms and the Environment,PSC_UBBTP2A_Int_4_0_Q_MCQ,1
Oxford Primary Essentials Science Test Papers P5&6 Book B,P5,6,A,Interactions,Living Organisms and the Environment,PSC_UBBTP2A_Int_5_0_Q_MCQ,1
Oxford Primary Essentials Science Test Papers P5&6 Book B,P5,6,A,Interactions,Living Organisms and the Environment,PSC_UBBTP2A_Int_6_0_Q_MCQ,1
Oxford Primary Essentials Science Test Papers P5&6 Book B,P5,6,A,Interactions,Living Organisms and the Environment,PSC_UBBTP2A_Int_7_0_Q_MCQ,1
Oxford Primary Essentials Science Test Papers P5&6 Book B,P5,6,A,Interactions,Living Organisms and the Environment,PSC_UBBTP2A_Int_8_0_Q_MCQ,1
Oxford Primary Essentials Science Test Papers P5&6 Book B,P5,6,A,Interactions,Living Organisms and the Environment,PSC_UBBTP2A_Int_9_0_Q_MCQ,1
Oxford Primary Essentials Science Test Papers P5&6 Book B,P5,6,A,Interactions,Living Organisms and the Environment,PSC_UBBTP2A_Int_10_0_Q_MCQ,1
Oxford Primary Essentials Science Test Papers P5&6 Book B,P5,6,A,Interactions,Living Organisms and the Environment,PSC_UBBTP2B_Int_1_0_Q_OE,1
Oxford Primary Essentials Science Test Papers P5&6 Book B,P5,6,A,Interactions,Living Organisms and the Environment,PSC_UBBTP2B_Int_2_0_Q_OE,1
Oxford Primary Essentials Science Test Papers P5&6 Book B,P5,6,A,Interactions,Living Organisms and the Environment,PSC_UBBTP2B_Int_3_0_Q_OE,1
Oxford Primary Essentials Science Test Papers P5&6 Book B,P5,6,A,Interactions,Living Organisms and the Environment,PSC_UBBTP2B_Int_4_0_Q_OE,1
Oxford Primary Essentials Science Test Papers P5&6 Book B,P5,6,A,Interactions,Living Organisms and the Environment,PSC_UBBTP2B_Int_5_0_Q_OE,1
Oxford Primary Essentials Science Test Papers P5&6 Book B,P5,7,A,Interactions,Adaptions,PSC_UBBT3KR_Int_1_0_Q_FIB,1
Oxford Primary Essentials Science Test Papers P5&6 Book B,P5,7,A,Interactions,Adaptions,PSC_UBBT3KR_Int_2_0_Q_FIB,1
Oxford Primary Essentials Science Test Papers P5&6 Book B,P5,7,A,Interactions,Adaptions,PSC_UBBT3KR_Int_3_0_Q_FIB,1
Oxford Primary Essentials Science Test Papers P5&6 Book B,P5,7,A,Interactions,Adaptions,PSC_UBBT3KR_Int_4_0_Q_FIB,1
Oxford Primary Essentials Science Test Papers P5&6 Book B,P5,7,A,Interactions,Adaptions,PSC_UBBT3KR_Int_5_0_Q_FIB,1
Oxford Primary Essentials Science Test Papers P5&6 Book B,P5,7,A,Interactions,Adaptions,PSC_UBBT3KR_Int_6_0_Q_FIB,1
Oxford Primary Essentials Science Test Papers P5&6 Book B,P5,7,A,Interactions,Adaptions,PSC_UBBT3KR_Int_7_0_Q_FIB,1
Oxford Primary Essentials Science Test Papers P5&6 Book B,P5,7,A,Interactions,Adaptions,PSC_UBBT3KR_Int_8_0_Q_FIB,1
Oxford Primary Essentials Science Test Papers P5&6 Book B,P5,7,A,Interactions,Adaptions,PSC_UBBT3KR_Int_9_0_Q_FIB,1
Oxford Primary Essentials Science Test Papers P5&6 Book B,P5,7,A,Interactions,Adaptions,PSC_UBBT3KR_Int_10_0_Q_FIB,1
Oxford Primary Essentials Science Test Papers P5&6 Book B,P5,7,A,Interactions,Adaptions,PSC_UBBT3KR_Int_11_0_Q_FIB,1
Oxford Primary Essentials Science Test Papers P5&6 Book B,P5,7,A,Interactions,Adaptions,PSC_UBBT3KR_Int_12_0_Q_FIB,1
Oxford Primary Essentials Science Test Papers P5&6 Book B,P5,7,A,Interactions,Adaptions,PSC_UBBT3KR_Int_13_0_Q_FIB,1
Oxford Primary Essentials Science Test Papers P5&6 Book B,P5,7,A,Interactions,Adaptions,PSC_UBBTP3A_Int_1_0_Q_MCQ,1
Oxford Primary Essentials Science Test Papers P5&6 Book B,P5,7,A,Interactions,Adaptions,PSC_UBBTP3A_Int_2_0_Q_MCQ,1
Oxford Primary Essentials Science Test Papers P5&6 Book B,P5,7,A,Interactions,Adaptions,PSC_UBBTP3A_Int_3_0_Q_MCQ,1
Oxford Primary Essentials Science Test Papers P5&6 Book B,P5,7,A,Interactions,Adaptions,PSC_UBBTP3A_Int_4_0_Q_MCQ,1
Oxford Primary Essentials Science Test Papers P5&6 Book B,P5,7,A,Interactions,Adaptions,PSC_UBBTP3A_Int_5_0_Q_MCQ,1
Oxford Primary Essentials Science Test Papers P5&6 Book B,P5,7,A,Interactions,Adaptions,PSC_UBBTP3A_Int_6_0_Q_MCQ,1
Oxford Primary Essentials Science Test Papers P5&6 Book B,P5,7,A,Interactions,Adaptions,PSC_UBBTP3A_Int_7_0_Q_MCQ,1
Oxford Primary Essentials Science Test Papers P5&6 Book B,P5,7,A,Interactions,Adaptions,PSC_UBBTP3A_Int_8_0_Q_MCQ,1
Oxford Primary Essentials Science Test Papers P5&6 Book B,P5,7,A,Interactions,Adaptions,PSC_UBBTP3A_Int_9_0_Q_MCQ,1
Oxford Primary Essentials Science Test Papers P5&6 Book B,P5,7,A,Interactions,Adaptions,PSC_UBBTP3A_Int_10_0_Q_MCQ,1
Oxford Primary Essentials Science Test Papers P5&6 Book B,P5,7,A,Interactions,Adaptions,PSC_UBBTP3B_Int_1_0_Q_OE,1
Oxford Primary Essentials Science Test Papers P5&6 Book B,P5,7,A,Interactions,Adaptions,PSC_UBBTP3B_Int_2_0_Q_OE,1
Oxford Primary Essentials Science Test Papers P5&6 Book B,P5,7,A,Interactions,Adaptions,PSC_UBBTP3B_Int_3_0_Q_OE,1
Oxford Primary Essentials Science Test Papers P5&6 Book B,P5,7,A,Interactions,Adaptions,PSC_UBBTP3B_Int_4_0_Q_OE,1
Oxford Primary Essentials Science Test Papers P5&6 Book B,P5,7,A,Interactions,Adaptions,PSC_UBBTP3B_Int_5_0_Q_OE,1
Oxford Primary Essentials Science Test Papers P5&6 Book B,P5,7,A,Interactions,Adaptions,PSC_UBBTP3B_Int_6_0_Q_OE,1
Oxford Primary Essentials Science Test Papers P5&6 Book B,P5,8,A,Interactions,Man's Impact on the Environment,PSC_UBBT4KR_Int_1_0_Q_FIB,1
Oxford Primary Essentials Science Test Papers P5&6 Book B,P5,8,A,Interactions,Man's Impact on the Environment,PSC_UBBT4KR_Int_2_0_Q_FIB,1
Oxford Primary Essentials Science Test Papers P5&6 Book B,P5,8,A,Interactions,Man's Impact on the Environment,PSC_UBBT4KR_Int_3_0_Q_FIB,1
Oxford Primary Essentials Science Test Papers P5&6 Book B,P5,8,A,Interactions,Man's Impact on the Environment,PSC_UBBT4KR_Int_4_0_Q_FIB,1
Oxford Primary Essentials Science Test Papers P5&6 Book B,P5,8,A,Interactions,Man's Impact on the Environment,PSC_UBBT4KR_Int_5_0_Q_FIB,1
Oxford Primary Essentials Science Test Papers P5&6 Book B,P5,8,A,Interactions,Man's Impact on the Environment,PSC_UBBT4KR_Int_6_0_Q_FIB,1
Oxford Primary Essentials Science Test Papers P5&6 Book B,P5,8,A,Interactions,Man's Impact on the Environment,PSC_UBBTP4A_Int_1_0_Q_MCQ,1
Oxford Primary Essentials Science Test Papers P5&6 Book B,P5,8,A,Interactions,Man's Impact on the Environment,PSC_UBBTP4A_Int_2_0_Q_MCQ,1
Oxford Primary Essentials Science Test Papers P5&6 Book B,P5,8,A,Interactions,Man's Impact on the Environment,PSC_UBBTP4A_Int_3_0_Q_MCQ,1
Oxford Primary Essentials Science Test Papers P5&6 Book B,P5,8,A,Interactions,Man's Impact on the Environment,PSC_UBBTP4A_Int_4_0_Q_MCQ,1
Oxford Primary Essentials Science Test Papers P5&6 Book B,P5,8,A,Interactions,Man's Impact on the Environment,PSC_UBBTP4A_Int_5_0_Q_MCQ,1
Oxford Primary Essentials Science Test Papers P5&6 Book B,P5,8,A,Interactions,Man's Impact on the Environment,PSC_UBBTP4A_Int_6_0_Q_MCQ,1
Oxford Primary Essentials Science Test Papers P5&6 Book B,P5,8,A,Interactions,Man's Impact on the Environment,PSC_UBBTP4A_Int_7_0_Q_MCQ,1
Oxford Primary Essentials Science Test Papers P5&6 Book B,P5,8,A,Interactions,Man's Impact on the Environment,PSC_UBBTP4A_Int_8_0_Q_MCQ,1
Oxford Primary Essentials Science Test Papers P5&6 Book B,P5,8,A,Interactions,Man's Impact on the Environment,PSC_UBBTP4A_Int_9_0_Q_MCQ,1
Oxford Primary Essentials Science Test Papers P5&6 Book B,P5,8,A,Interactions,Man's Impact on the Environment,PSC_UBBTP4A_Int_10_0_Q_MCQ,1
Oxford Primary Essentials Science Test Papers P5&6 Book B,P5,8,A,Interactions,Man's Impact on the Environment,PSC_UBBTP4B_Int_1_0_Q_OE,1
Oxford Primary Essentials Science Test Papers P5&6 Book B,P5,8,A,Interactions,Man's Impact on the Environment,PSC_UBBTP4B_Int_2_0_Q_OE,1
Oxford Primary Essentials Science Test Papers P5&6 Book B,P5,8,A,Interactions,Man's Impact on the Environment,PSC_UBBTP4B_Int_3_0_Q_OE,1
Oxford Primary Essentials Science Test Papers P5&6 Book B,P5,8,A,Interactions,Man's Impact on the Environment,PSC_UBBTP4B_Int_4_0_Q_OE,1
Oxford Primary Essentials Science Test Papers P5&6 Book B,P5,8,A,Interactions,Man's Impact on the Environment,PSC_UBBTP4B_Int_5_0_Q_OE,1
Oxford Primary Essentials Science Test Papers P5&6 Book B,P5,9,A,Interactions,Thematic Test,PSC_UBBTT4_Int_1_0_Q_MCQ,1
Oxford Primary Essentials Science Test Papers P5&6 Book B,P5,9,A,Interactions,Thematic Test,PSC_UBBTT4_Int_2_0_Q_MCQ,1
Oxford Primary Essentials Science Test Papers P5&6 Book B,P5,9,A,Interactions,Thematic Test,PSC_UBBTT4_Int_3_0_Q_MCQ,1
Oxford Primary Essentials Science Test Papers P5&6 Book B,P5,9,A,Interactions,Thematic Test,PSC_UBBTT4_Int_4_0_Q_MCQ,1
Oxford Primary Essentials Science Test Papers P5&6 Book B,P5,9,A,Interactions,Thematic Test,PSC_UBBTT4_Int_5_0_Q_MCQ,1
Oxford Primary Essentials Science Test Papers P5&6 Book B,P5,9,A,Interactions,Thematic Test,PSC_UBBTT4_Int_6_0_Q_MCQ,1
Oxford Primary Essentials Science Test Papers P5&6 Book B,P5,9,A,Interactions,Thematic Test,PSC_UBBTT4_Int_7_0_Q_MCQ,1
Oxford Primary Essentials Science Test Papers P5&6 Book B,P5,9,A,Interactions,Thematic Test,PSC_UBBTT4_Int_8_0_Q_MCQ,1
Oxford Primary Essentials Science Test Papers P5&6 Book B,P5,9,A,Interactions,Thematic Test,PSC_UBBTT4_Int_9_0_Q_MCQ,1
Oxford Primary Essentials Science Test Papers P5&6 Book B,P5,9,A,Interactions,Thematic Test,PSC_UBBTT4_Int_10_0_Q_MCQ,1
Oxford Primary Essentials Science Test Papers P5&6 Book B,P5,9,A,Interactions,Thematic Test,PSC_UBBTT4_Int_11_0_Q_MCQ,1
Oxford Primary Essentials Science Test Papers P5&6 Book B,P5,9,A,Interactions,Thematic Test,PSC_UBBTT4_Int_12_0_Q_MCQ,1
Oxford Primary Essentials Science Test Papers P5&6 Book B,P5,9,A,Interactions,Thematic Test,PSC_UBBTT4_Int_13_0_Q_MCQ,1
Oxford Primary Essentials Science Test Papers P5&6 Book B,P5,9,A,Interactions,Thematic Test,PSC_UBBTT4_Int_14_0_Q_MCQ,1
Oxford Primary Essentials Science Test Papers P5&6 Book B,P5,9,A,Interactions,Thematic Test,PSC_UBBTT4_Int_15_0_Q_MCQ,1
Oxford Primary Essentials Science Test Papers P5&6 Book B,P5,9,A,Interactions,Thematic Test,PSC_UBBTT4_Int_1_0_Q_FIB,1
Oxford Primary Essentials Science Test Papers P5&6 Book B,P5,9,A,Interactions,Thematic Test,PSC_UBBTT4_Int_2_0_Q_FIB,1
Oxford Primary Essentials Science Test Papers P5&6 Book B,P5,9,A,Interactions,Thematic Test,PSC_UBBTT4_Int_3_0_Q_FIB,1
Oxford Primary Essentials Science Test Papers P5&6 Book B,P5,9,A,Interactions,Thematic Test,PSC_UBBTT4_Int_4_0_Q_FIB,1
Oxford Primary Essentials Science Test Papers P5&6 Book B,P5,9,A,Interactions,Thematic Test,PSC_UBBTT4_Int_5_0_Q_FIB,1
Oxford Primary Essentials Science Test Papers P5&6 Book B,P5,9,A,Interactions,Thematic Test,PSC_UBBTT4_Int_6_0_Q_FIB,1
Oxford Primary Essentials Science Test Papers P5&6 Book B,P5,9,A,Interactions,Thematic Test,PSC_UBBTT4_Int_7_0_Q_FIB,1
Oxford Primary Essentials Science Test Papers P5&6 Book B,P5,9,A,Interactions,Thematic Test,PSC_UBBTT4_Int_8_0_Q_FIB,1
Oxford Primary Essentials Science Test Papers P5&6 Book B,P5,9,A,Interactions,Thematic Test,PSC_UBBTT4_Int_9_0_Q_FIB,1