Subject,Level,Ex,Sub,Topic,Description,Resource ID,Difficulty Level
PSC,P3,1,A,Living and Non-living Things,Living things,PSC_iScience_LB_0_0001_MCQ,1
PSC,P3,1,A,Living and Non-living Things,Living things,PSC_iScience_LB_0_0002_MCQ,1
PSC,P3,1,A,Living and Non-living Things,Living things,PSC_iScience_LB_0_0003_MCQ,1
PSC,P3,1,A,Living and Non-living Things,Living things,PSC_iScience_LB_0_0004_MCQ,1
PSC,P3,1,A,Living and Non-living Things,Living things,PSC_iScience_LB_0_0005_MCQ,2
PSC,P3,1,A,Living and Non-living Things,Living things,PSC_iScience_LB_0_0006_MCQ,2
PSC,P3,1,A,Living and Non-living Things,Non-living things,PSC_iScience_LB_0_0007_MCQ,1
PSC,P3,1,A,Living and Non-living Things,Living things,PSC_iScience_LB_0_0008_MCQ,2
PSC,P3,1,A,Diversity,Living things,PSC_iScience_LB_0_0009_MCQ,1
PSC,P3,1,A,Living and Non-living Things,Living things,PSC_iScience_LB_0_0010_MCQ,1
PSC,P3,1,A,Living and Non-living Things,Living things,PSC_iScience_LB_0_0011_MCQ,1
PSC,P3,1,A,Systems,Plants,PSC_iScience_LB_0_0012_MCQ,1
PSC,P3,1,A,Living and Non-living Things,Living things,PSC_iScience_LB_0_0013_MCQ,2
PSC,P3,1,A,Living and Non-living Things,Living things,PSC_iScience_LB_0_0014_MCQ,1
PSC,P3,1,A,Diversity,Living things,PSC_iScience_LB_0_0015_MCQ,1
PSC,P3,1,A,Living and Non-living Things,Non-living things,PSC_iScience_LB_0_0016_MCQ,1
PSC,P3,1,A,Living and Non-living Things,Living things,PSC_iScience_LB_0_0017_MCQ,1
PSC,P3,1,A,Living and Non-living Things,Living things,PSC_iScience_LB_0_0018_OE,1
PSC,P3,1,A,Living and Non-living Things,Living things,PSC_iScience_LB_0_0019_OE,1
PSC,P3,1,A,Diversity,Living things,PSC_iScience_LB_0_0020_OE,1
PSC,P3,2,A,Diversity,Living things,PSC_iScience_LB_0_0021_OE,1
PSC,P3,2,A,Diversity,Living things,PSC_iScience_LB_0_0022_OE,1
PSC,P3,2,A,Living and Non-living Things,Living things,PSC_iScience_LB_0_0023_MCQ,1
PSC,P3,2,A,Living and Non-living Things,Non-living things,PSC_iScience_LB_0_0024_MCQ,1
PSC,P3,2,A,Living and Non-living Things,Non-living things,PSC_iScience_LB_0_0025_MCQ,1
PSC,P3,2,A,Living and Non-living Things,Living things,PSC_iScience_LB_0_0026_MCQ,1
PSC,P3,2,A,Living and Non-living Things,Living things,PSC_iScience_LB_0_0027_MCQ,1
PSC,P3,2,A,Living and Non-living Things,Living things,PSC_iScience_LB_0_0028_FIB,1
PSC,P3,2,A,Cycles,Life cycles,PSC_iScience_LB_0_0029_MCQ,1
PSC,P3,2,A,Living and Non-living Things,Living things,PSC_iScience_LB_0_0030_MCQ,1
PSC,P3,2,A,Living and Non-living Things,Living things,PSC_iScience_LB_0_0031_MCQ,1
PSC,P3,2,A,Living and Non-living Things,Living things,PSC_iScience_LB_0_0032_MCQ,1
PSC,P3,2,A,Living and Non-living Things,Non-living things,PSC_iScience_LB_0_0033_MCQ,1
PSC,P3,2,A,Living and Non-living Things,Living things,PSC_iScience_LB_0_0034_OE,1
PSC,P3,2,A,Living and Non-living Things,Living things,PSC_iScience_LB_0_0035_OE,1
PSC,P3,2,A,Living and Non-living Things,Living things,PSC_iScience_LB_0_0036_MCQ,1
PSC,P3,2,A,Diversity,Materials,PSC_iScience_LB_0_0037_MCQ,1
PSC,P3,2,A,Diversity,Living things,PSC_iScience_LB_0_0038_MCQ,1
PSC,P3,2,A,Living and Non-living Things,Living things,PSC_iScience_LB_0_0039_MCQ,1
PSC,P3,2,A,Diversity,Living things,PSC_iScience_LB_0_0040_MCQ,1
PSC,P3,3,A,Living and Non-living Things,Living things,PSC_iScience_LB_0_0041_MCQ,1
PSC,P3,3,A,Diversity,Living things,PSC_iScience_LB_0_0042_MCQ,1
PSC,P3,3,A,Living and Non-living Things,Living things,PSC_iScience_LB_0_0043_MCQ,2
PSC,P3,3,A,Cycles,Life cycles,PSC_iScience_LB_0_0044_MCQ,1
PSC,P3,3,A,Diversity,Living things,PSC_iScience_LB_0_0045_MCQ,1
PSC,P3,3,A,Diversity,Living things,PSC_iScience_LB_0_0046_MCQ,1
PSC,P3,3,A,Living and Non-living Things,Living things,PSC_iScience_LB_0_0047_MCQ,1
PSC,P3,3,A,Diversity,Living things,PSC_iScience_LB_0_0048_MCQ,1
PSC,P3,3,A,Living and Non-living Things,Living things,PSC_iScience_LB_0_0049_MCQ,1
PSC,P3,3,A,Living and Non-living Things,Living things,PSC_iScience_LB_0_0050_MCQ,1
PSC,P3,3,A,Diversity,Living things,PSC_iScience_LB_0_0051_MCQ,1
PSC,P3,3,A,Living and Non-living Things,Living things,PSC_iScience_LB_0_0052_FIB,2
PSC,P3,3,A,Living and Non-living Things,Living things,PSC_iScience_LB_0_0053_OE,2
PSC,P3,3,A,Living and Non-living Things,Living things,PSC_iScience_LB_0_0054_FIB,2
PSC,P3,3,A,Living and Non-living Things,Living things and non-living things,PSC_iScience_LB_0_0055_FIB,1
PSC,P3,3,A,Diversity,Living things,PSC_iScience_LB_0_0056_FIB,1
PSC,P3,3,A,Living and Non-living Things,Living things and non-living things,PSC_iScience_LB_0_0057_MCQ,2
PSC,P3,3,A,Diversity,Living things,PSC_iScience_LB_0_0058_MCQ,1
PSC,P3,3,A,Diversity,Living things,PSC_iScience_LB_0_0059_MCQ,1
PSC,P3,3,A,Diversity,Living things,PSC_iScience_LB_0_0060_MCQ,2
PSC,P3,4,A,Living and Non-living Things,Living things,PSC_iScience_LB_0_0061_MCQ,1
PSC,P3,4,A,Diversity,Living things,PSC_iScience_LB_0_0062_MCQ,1
PSC,P3,4,A,Diversity,Living things,PSC_iScience_LB_0_0063_MCQ,1
PSC,P3,4,A,Diversity,Living things,PSC_iScience_LB_0_0064_MCQ,1
PSC,P3,4,A,Living and Non-living Things,Living things,PSC_iScience_LB_0_0065_MCQ,1
PSC,P3,4,A,Diversity,Living things,PSC_iScience_LB_0_0066_FIB,1
PSC,P3,4,A,Diversity,Materials,PSC_iScience_LB_0_0067_OE,1
PSC,P3,4,A,Living and Non-living Things,Living things,PSC_iScience_LB_0_0068_MCQ,1
PSC,P3,4,A,Systems,Plants,PSC_iScience_LB_0_0069_MCQ,1
PSC,P3,4,A,Living and Non-living Things,Living things,PSC_iScience_LB_0_0070_MCQ,1
PSC,P3,4,A,Systems,Plants,PSC_iScience_LB_0_0071_OE,1
PSC,P3,4,A,Living and Non-living Things,Living things,PSC_iScience_LB_0_0072_MCQ,2
PSC,P3,4,A,Living and Non-living Things,Living things,PSC_iScience_LB_0_0073_MCQ,1
PSC,P3,4,A,Diversity,Living things,PSC_iScience_LB_0_0074_MCQ,2
PSC,P3,4,A,Diversity,Living things,PSC_iScience_LB_0_0075_MCQ,2
PSC,P3,4,A,Diversity,Living things,PSC_iScience_LB_0_0076_MCQ,1
PSC,P3,4,A,Diversity,Living things,PSC_iScience_LB_0_0077_MCQ,2
PSC,P3,4,A,Diversity,Living things,PSC_iScience_LB_0_0078_MCQ,2
PSC,P3,4,A,Diversity,Living things,PSC_iScience_LB_0_0079_MCQ,1
PSC,P3,4,A,Systems,Plants,PSC_iScience_LB_0_0080_MCQ,2
PSC,P3,5,A,Living and Non-living Things,Living things,PSC_iScience_LB_0_0081_MCQ,2
PSC,P3,5,A,Diversity,Living things,PSC_iScience_LB_0_0082_MCQ,2
PSC,P3,5,A,Diversity,Living things,PSC_iScience_LB_0_0083_MCQ,2
PSC,P3,5,A,Diversity,Living things,PSC_iScience_LB_0_0084_MCQ,1
PSC,P3,5,A,Living and Non-living Things,Living things,PSC_iScience_LB_0_0085_MCQ,1
PSC,P3,5,A,Diversity,Living things,PSC_iScience_LB_0_0086_MCQ,1
PSC,P3,5,A,Diversity,Living things,PSC_iScience_LB_0_0087_MCQ,2
PSC,P3,5,A,Diversity,Living things,PSC_iScience_LB_0_0088_MCQ,1
PSC,P3,5,A,Living and Non-living Things,Living things,PSC_iScience_LB_0_0089_MCQ,1
PSC,P3,5,A,Diversity,Living things,PSC_iScience_LB_0_0090_MCQ,1
PSC,P3,5,A,Diversity,Living things,PSC_iScience_LB_0_0091_MCQ,1
PSC,P3,5,A,Diversity,Living things,PSC_iScience_LB_0_0092_MCQ,1
PSC,P3,5,A,Diversity,Living things,PSC_iScience_LB_0_0093_MCQ,1
PSC,P3,5,A,Diversity,Living things,PSC_iScience_LB_0_0094_MCQ,1
PSC,P3,5,A,Diversity,Living things,PSC_iScience_LB_0_0095_MCQ,1
PSC,P3,5,A,Diversity,Living things,PSC_iScience_LB_0_0096_MCQ,1
PSC,P3,5,A,Diversity,Living things,PSC_iScience_LB_0_0097_MCQ,2
PSC,P3,5,A,Diversity,Living things,PSC_iScience_LB_0_0098_MCQ,1
PSC,P3,5,A,Diversity,Living things,PSC_iScience_LB_0_0099_MCQ,1
PSC,P3,5,A,Diversity,Living things,PSC_iScience_LB_0_0100_OE,2
PSC,P3,6,A,Diversity,Living things,PSC_iScience_LB_0_0101_OE,2
PSC,P3,6,A,Diversity,Living things,PSC_iScience_LB_0_0102_OE,1
PSC,P3,6,A,Living and Non-living Things,Living things,PSC_iScience_LB_0_0103_OE,1
PSC,P3,6,A,Diversity,Living things,PSC_iScience_LB_0_0104_OE,1
PSC,P3,6,A,Diversity,Living things,PSC_iScience_LB_0_0105_OE,1
PSC,P3,6,A,Diversity,Living things,PSC_iScience_LB_0_0106_FIB,1
PSC,P3,6,A,Diversity,Living things,PSC_iScience_LB_0_0107_OE,1
PSC,P3,6,A,Diversity,Living things,PSC_iScience_LB_0_0108_MCQ,1
PSC,P3,6,A,Diversity,Living things,PSC_iScience_LB_0_0109_MCQ,1
PSC,P3,6,A,Diversity,Living things,PSC_iScience_LB_0_0110_MCQ,1
PSC,P3,6,A,Diversity,Living things,PSC_iScience_LB_0_0111_MCQ,1
PSC,P3,6,A,Living and Non-living Things,Living things and non-living things,PSC_iScience_LB_0_0112_MCQ,1
PSC,P3,6,A,Diversity,Living things,PSC_iScience_LB_0_0113_FIB,1
PSC,P3,6,A,Diversity,Living things,PSC_iScience_LB_0_0114_MCQ,1
PSC,P3,6,A,Diversity,Living things,PSC_iScience_LB_0_0115_MCQ,1
PSC,P3,6,A,Diversity,Living things,PSC_iScience_LB_0_0116_MCQ,1
PSC,P3,6,A,Diversity,Living things,PSC_iScience_LB_0_0118_MCQ,1
PSC,P3,6,A,Diversity,Living things,PSC_iScience_LB_0_0119_MCQ,1
PSC,P3,6,A,Diversity,Living things,PSC_iScience_LB_0_0120_MCQ,1
PSC,P3,6,A,Diversity,Living things,PSC_iScience_LB_0_0121_MCQ,1
PSC,P3,7,A,Diversity,Living things,PSC_iScience_LB_0_0122_MCQ,1
PSC,P3,7,A,Diversity,Living things,PSC_iScience_LB_0_0123_MCQ,1
PSC,P3,7,A,Diversity,Living things,PSC_iScience_LB_0_0124_MCQ,1
PSC,P3,7,A,Diversity,Living things,PSC_iScience_LB_0_0125_MCQ,1
PSC,P3,7,A,Cycles,Life cycles,PSC_iScience_LB_0_0126_MCQ,1
PSC,P3,7,A,Diversity,Living things,PSC_iScience_LB_0_0127_MCQ,1
PSC,P3,7,A,Diversity,Living things,PSC_iScience_LB_0_0128_MCQ,1
PSC,P3,7,A,Diversity,Living things,PSC_iScience_LB_0_0129_MCQ,2
PSC,P3,7,A,Diversity,Living things,PSC_iScience_LB_0_0130_MCQ,1
PSC,P3,7,A,Diversity,Living things,PSC_iScience_LB_0_0131_MCQ,1
PSC,P3,7,A,Diversity,Living things,PSC_iScience_LB_0_0132_MCQ,2
PSC,P3,7,A,Diversity,Living things,PSC_iScience_LB_0_0133_MCQ,1
PSC,P3,7,A,Diversity,Living things,PSC_iScience_LB_0_0134_MCQ,1
PSC,P3,7,A,Diversity,Living things,PSC_iScience_LB_0_0135_MCQ,1
PSC,P3,7,A,Diversity,Living things,PSC_iScience_LB_0_0136_MCQ,1
PSC,P3,7,A,Diversity,Living things,PSC_iScience_LB_0_0137_MCQ,1
PSC,P3,7,A,Cycles,Life cycles,PSC_iScience_LB_0_0138_MCQ,2
PSC,P3,7,A,Cycles,Life cycles,PSC_iScience_LB_0_0139_MCQ,1
PSC,P3,7,A,Systems,Plants,PSC_iScience_LB_0_0140_MCQ,1
PSC,P3,7,A,Diversity,Living things,PSC_iScience_LB_0_0141_MCQ,2
PSC,P3,8,A,Systems,Plants,PSC_iScience_LB_0_0142_MCQ,2
PSC,P3,8,A,Systems,Plants,PSC_iScience_LB_0_0143_MCQ,2
PSC,P3,8,A,Systems,Plants,PSC_iScience_LB_0_0144_MCQ,1
PSC,P3,8,A,Systems,Plants,PSC_iScience_LB_0_0145_MCQ,1
PSC,P3,8,A,Diversity,Living things,PSC_iScience_LB_0_0146_MCQ,1
PSC,P3,8,A,Diversity,Living things,PSC_iScience_LB_0_0147_MCQ,2
PSC,P3,8,A,Cycles,Life cycles,PSC_iScience_LB_0_0148_MCQ,1
PSC,P3,8,A,Systems,Plants,PSC_iScience_LB_0_0149_MCQ,1
PSC,P3,8,A,Diversity,Living things,PSC_iScience_LB_0_0150_MCQ,2
PSC,P3,8,A,Energy,Heat and Temperature,PSC_iScience_LB_0_0151_MCQ,1
PSC,P3,8,A,Systems,Plants,PSC_iScience_LB_0_0152_MCQ,1
PSC,P3,8,A,Cycles,Life cycles,PSC_iScience_LB_0_0153_MCQ,1
PSC,P3,8,A,Diversity,Materials,PSC_iScience_LB_0_0154_MCQ,1
PSC,P3,8,A,Diversity,Materials,PSC_iScience_LB_0_0155_MCQ,1
PSC,P3,8,A,Diversity,Materials,PSC_iScience_LB_0_0156_MCQ,1
PSC,P3,8,A,Diversity,Materials,PSC_iScience_LB_0_0157_MCQ,1
PSC,P3,8,A,Diversity,Materials,PSC_iScience_LB_0_0158_MCQ,1
PSC,P3,8,A,Diversity,Materials,PSC_iScience_LB_0_0159_MCQ,1
PSC,P3,8,A,Diversity,Materials,PSC_iScience_LB_0_0160_MCQ,1
PSC,P3,8,A,Diversity,Materials,PSC_iScience_LB_0_0161_MCQ,1
PSC,P3,9,A,Diversity,Materials,PSC_iScience_LB_0_0162_MCQ,1
PSC,P3,9,A,Diversity,Materials,PSC_iScience_LB_0_0163_MCQ,1
PSC,P3,9,A,Diversity,Materials,PSC_iScience_LB_0_0164_OE,1
PSC,P3,9,A,Diversity,Materials,PSC_iScience_LB_0_0165_OE,1
PSC,P3,9,A,Diversity,Materials,PSC_iScience_LB_0_0166_MCQ,1
PSC,P3,9,A,Diversity,Materials,PSC_iScience_LB_0_0167_OE,1
PSC,P3,9,A,Diversity,Materials,PSC_iScience_LB_0_0168_MCQ,1
PSC,P3,9,A,Diversity,Materials,PSC_iScience_LB_0_0169_OE,1
PSC,P3,9,A,Diversity,Materials,PSC_iScience_LB_0_0170_MCQ,1
PSC,P3,9,A,Diversity,Materials,PSC_iScience_LB_0_0171_MCQ,1
PSC,P3,9,A,Diversity,Materials,PSC_iScience_LB_0_0172_MCQ,1
PSC,P3,9,A,Diversity,Materials,PSC_iScience_LB_0_0173_MCQ,1
PSC,P3,9,A,Diversity,Materials,PSC_iScience_LB_0_0174_MCQ,1
PSC,P3,9,A,Diversity,Materials,PSC_iScience_LB_0_0175_MCQ,1
PSC,P3,9,A,Diversity,Materials,PSC_iScience_LB_0_0176_MCQ,1
PSC,P3,9,A,Diversity,Materials,PSC_iScience_LB_0_0177_FIB,1
PSC,P3,9,A,Diversity,Materials,PSC_iScience_LB_0_0178_MCQ,1
PSC,P3,9,A,Diversity,Materials,PSC_iScience_LB_0_0179_MCQ,1
PSC,P3,9,A,Diversity,Materials,PSC_iScience_LB_0_0180_MCQ,1
PSC,P3,9,A,Interactions,Magnets,PSC_iScience_LB_0_0181_MCQ,1
PSC,P3,10,A,Diversity,Materials,PSC_iScience_LB_0_0182_MCQ,1
PSC,P3,10,A,Living and Non-living Things,Non-living things,PSC_iScience_LB_0_0183_MCQ,1
PSC,P3,10,A,Living and Non-living Things,Non-living things,PSC_iScience_LB_0_0184_MCQ,1
PSC,P3,10,A,Energy,Heat and Temperature,PSC_iScience_LB_0_0185_MCQ,1
PSC,P3,10,A,Living and Non-living Things,Living things,PSC_iScience_LB_0_0186_FIB,1
PSC,P3,10,A,Living and Non-living Things,Non-living things,PSC_iScience_LB_0_0187_MCQ,1
PSC,P3,10,A,Living and Non-living Things,Non-living things,PSC_iScience_LB_0_0188_MCQ,1
PSC,P3,10,A,Living and Non-living Things,Non-living things,PSC_iScience_LB_0_0189_MCQ,1
PSC,P3,10,A,Diversity,Living things,PSC_iScience_LB_0_0190_FIB,1
PSC,P3,10,A,Living and Non-living Things,Non-living things,PSC_iScience_LB_0_0191_MCQ,1
PSC,P3,10,A,Living and Non-living Things,Non-living things,PSC_iScience_LB_0_0192_MCQ,1
PSC,P3,10,A,Living and Non-living Things,Non-living things,PSC_iScience_LB_0_0193_MCQ,1
PSC,P3,10,A,Living and Non-living Things,Non-living things,PSC_iScience_LB_0_0194_FIB,1
PSC,P3,10,A,Living and Non-living Things,Non-living things,PSC_iScience_LB_0_0195_FIB,1
PSC,P3,10,A,Living and Non-living Things,Non-living things,PSC_iScience_LB_0_0196_OE,1
PSC,P3,10,A,Living and Non-living Things,Non-living things,PSC_iScience_LB_0_0197_FIB,1
PSC,P3,10,A,Living and Non-living Things,Non-living things,PSC_iScience_LB_0_0198_MCQ,1
PSC,P3,10,A,Living and Non-living Things,Non-living things,PSC_iScience_LB_0_0199_MCQ,1
PSC,P3,10,A,Cycles,Life cycles,PSC_iScience_LB_0_0200_MCQ,1
PSC,P3,10,A,Cycles,Life cycles,PSC_iScience_LB_0_0201_MCQ,1
PSC,P3,11,A,Living and Non-living Things,Living things,PSC_iScience_LB_0_0202_MCQ,1
PSC,P3,11,A,Cycles,Life cycles,PSC_iScience_LB_0_0203_MCQ,1
PSC,P3,11,A,Cycles,Life cycles,PSC_iScience_LB_0_0204_MCQ,1
PSC,P3,11,A,Cycles,Life cycles,PSC_iScience_LB_0_0205_MCQ,1
PSC,P3,11,A,Cycles,Life cycles,PSC_iScience_LB_0_0206_MCQ,1
PSC,P3,11,A,Cycles,Life cycles,PSC_iScience_LB_0_0207_MCQ,1
PSC,P3,11,A,Cycles,Life cycles,PSC_iScience_LB_0_0208_MCQ,1
PSC,P3,11,A,Cycles,Life cycles,PSC_iScience_LB_0_0209_MCQ,1
PSC,P3,11,A,Diversity,Living things,PSC_iScience_LB_0_0210_MCQ,1
PSC,P3,11,A,Cycles,Life cycles,PSC_iScience_LB_0_0211_MCQ,1
PSC,P3,11,A,Cycles,Life cycles,PSC_iScience_LB_0_0212_OE,1
PSC,P3,11,A,Cycles,Life cycles,PSC_iScience_LB_0_0213_MCQ,1
PSC,P3,11,A,Cycles,Life cycles,PSC_iScience_LB_0_0214_MCQ,1
PSC,P3,11,A,Cycles,Life cycles,PSC_iScience_LB_0_0215_MCQ,1
PSC,P3,11,A,Cycles,Life cycles,PSC_iScience_LB_0_0216_MCQ,1
PSC,P3,11,A,Cycles,Life cycles,PSC_iScience_LB_0_0217_MCQ,1
PSC,P3,11,A,Cycles,Life cycles,PSC_iScience_LB_0_0218_MCQ,1
PSC,P3,11,A,Diversity,Living things,PSC_iScience_LB_0_0219_MCQ,1
PSC,P3,11,A,Cycles,Life cycles,PSC_iScience_LB_0_0220_MCQ,1
PSC,P3,11,A,Cycles,Life cycles,PSC_iScience_LB_0_0221_OE,1
PSC,P3,12,A,Cycles,Life cycles,PSC_iScience_LB_0_0222_OE,1
PSC,P3,12,A,Cycles,Life cycles,PSC_iScience_LB_0_0223_MCQ,1
PSC,P3,12,A,Living and Non-living Things,Living things,PSC_iScience_LB_0_0224_MCQ,1
PSC,P3,12,A,Living and Non-living Things,Living things,PSC_iScience_LB_0_0225_MCQ,1
PSC,P3,12,A,Living and Non-living Things,Living things,PSC_iScience_LB_0_0226_FIB,1
PSC,P3,12,A,Diversity,Living things,PSC_iScience_LB_0_0227_MCQ,1
PSC,P3,12,A,Living and Non-living Things,Living things,PSC_iScience_LB_0_0228_MCQ,1
PSC,P3,12,A,Living and Non-living Things,Living things,PSC_iScience_LB_0_0229_MCQ,1
PSC,P3,12,A,Living and Non-living Things,Living things,PSC_iScience_LB_0_0230_MCQ,1
PSC,P3,12,A,Living and Non-living Things,Living things,PSC_iScience_LB_0_0231_MCQ,1
PSC,P3,12,A,Living and Non-living Things,Living things,PSC_iScience_LB_0_0232_MCQ,1
PSC,P3,12,A,Living and Non-living Things,Living things,PSC_iScience_LB_0_0233_MCQ,1
PSC,P3,12,A,Living and Non-living Things,Living things,PSC_iScience_LB_0_0234_MCQ,1
PSC,P3,12,A,Living and Non-living Things,Living things,PSC_iScience_LB_0_0235_MCQ,1
PSC,P3,12,A,Living and Non-living Things,Living things,PSC_iScience_LB_0_0236_MCQ,1
PSC,P3,12,A,Living and Non-living Things,Living things,PSC_iScience_LB_0_0237_OE,1
PSC,P3,12,A,Living and Non-living Things,Living things,PSC_iScience_LB_0_0238_MCQ,1
PSC,P3,12,A,Living and Non-living Things,Living things,PSC_iScience_LB_0_0239_MCQ,4
PSC,P3,12,A,Living and Non-living Things,Living things,PSC_iScience_LB_0_0240_MCQ,1
PSC,P3,12,A,Living and Non-living Things,Living things,PSC_iScience_LB_0_0241_OE,1
PSC,P3,13,A,Living and Non-living Things,Living things,PSC_iScience_LB_0_0242_MCQ,1
PSC,P3,13,A,Cycles,Matter,PSC_iScience_LB_0_0243_MCQ,1
PSC,P3,13,A,Cycles,Matter,PSC_iScience_LB_0_0244_MCQ,1
PSC,P3,13,A,Cycles,Matter,PSC_iScience_LB_0_0245_MCQ,1
PSC,P3,13,A,Cycles,Matter,PSC_iScience_LB_0_0246_MCQ,1
PSC,P3,13,A,Cycles,Matter,PSC_iScience_LB_0_0247_MCQ,1
PSC,P3,13,A,Cycles,Matter,PSC_iScience_LB_0_0248_MCQ,1
PSC,P3,13,A,Cycles,Matter,PSC_iScience_LB_0_0249_MCQ,1
PSC,P3,13,A,Cycles,Matter,PSC_iScience_LB_0_0250_MCQ,1
PSC,P3,13,A,Energy,Heat and Temperature,PSC_iScience_LB_0_0251_MCQ,1
PSC,P3,13,A,Cycles,Matter,PSC_iScience_LB_0_0252_MCQ,1
PSC,P3,13,A,Cycles,Matter,PSC_iScience_LB_0_0253_MCQ,1
PSC,P3,13,A,Cycles,Matter,PSC_iScience_LB_0_0254_MCQ,1
PSC,P3,13,A,Cycles,Matter,PSC_iScience_LB_0_0255_MCQ,1
PSC,P3,13,A,Cycles,Matter,PSC_iScience_LB_0_0256_MCQ,1
PSC,P3,13,A,Cycles,Matter,PSC_iScience_LB_0_0257_MCQ,1
PSC,P3,13,A,Cycles,Matter,PSC_iScience_LB_0_0258_MCQ,1
PSC,P3,13,A,Cycles,Matter,PSC_iScience_LB_0_0259_MCQ,1
PSC,P3,13,A,Cycles,Matter,PSC_iScience_LB_0_0260_MCQ,1
PSC,P3,13,A,Cycles,Matter,PSC_iScience_LB_0_0261_MCQ,1
PSC,P3,14,A,Cycles,Matter,PSC_iScience_LB_0_0262_MCQ,1
PSC,P3,14,A,Cycles,Matter,PSC_iScience_LB_0_0263_MCQ,1
PSC,P3,14,A,Cycles,Matter,PSC_iScience_LB_0_0264_MCQ,1
PSC,P3,14,A,Cycles,Matter,PSC_iScience_LB_0_0265_MCQ,1
PSC,P3,14,A,Cycles,Matter,PSC_iScience_LB_0_0266_MCQ,1
PSC,P3,14,A,Cycles,Matter,PSC_iScience_LB_0_0267_MCQ,1
PSC,P3,14,A,Cycles,Matter,PSC_iScience_LB_0_0268_MCQ,1
PSC,P3,14,A,Cycles,Matter,PSC_iScience_LB_0_0269_MCQ,1
PSC,P3,14,A,Cycles,Matter,PSC_iScience_LB_0_0270_MCQ,1
PSC,P3,14,A,Cycles,Matter,PSC_iScience_LB_0_0271_MCQ,1
PSC,P3,14,A,Cycles,Matter,PSC_iScience_LB_0_0272_FIB,1
PSC,P3,14,A,Cycles,Matter,PSC_iScience_LB_0_0273_FIB,1
PSC,P3,14,A,Living and Non-living Things,Non-living things,PSC_iScience_LB_0_0274_FIB,1
PSC,P3,14,A,Cycles,Matter,PSC_iScience_LB_0_0275_MCQ,1
PSC,P3,14,A,Cycles,Matter,PSC_iScience_LB_0_0276_MCQ,1
PSC,P3,14,A,Energy,Heat and Temperature,PSC_iScience_LB_0_0277_MCQ,1
PSC,P3,14,A,Cycles,Matter,PSC_iScience_LB_0_0278_OE,1
PSC,P3,14,A,Energy,Heat and Temperature,PSC_iScience_LB_0_0279_FIB,1
PSC,P3,14,A,Cycles,Matter,PSC_iScience_LB_0_0280_MCQ,1
PSC,P3,14,A,Energy,Heat and Temperature,PSC_iScience_LB_0_0281_FIB,1
PSC,P3,15,A,Energy,Heat and Temperature,PSC_iScience_LB_0_0282_OE,1
PSC,P3,15,A,Cycles,Matter,PSC_iScience_LB_0_0283_OE,1
PSC,P3,15,A,Cycles,Matter,PSC_iScience_LB_0_0284_MCQ,1
PSC,P3,15,A,Cycles,Matter,PSC_iScience_LB_0_0285_MCQ,1
PSC,P3,15,A,Cycles,Matter,PSC_iScience_LB_0_0286_MCQ,1
PSC,P3,15,A,Energy,Heat and Temperature,PSC_iScience_LB_0_0287_MCQ,1
PSC,P3,15,A,Energy,Heat and Temperature,PSC_iScience_LB_0_0288_MCQ,1
PSC,P3,15,A,Cycles,Matter,PSC_iScience_LB_0_0289_MCQ,1
PSC,P3,15,A,Cycles,Matter,PSC_iScience_LB_0_0290_MCQ,1
PSC,P3,15,A,Cycles,Matter,PSC_iScience_LB_0_0291_MCQ,1
PSC,P3,15,A,Energy,Heat and Temperature,PSC_iScience_LB_0_0292_MCQ,1
PSC,P3,15,A,Cycles,Matter,PSC_iScience_LB_0_0293_MCQ,1
PSC,P3,15,A,Cycles,Matter,PSC_iScience_LB_0_0294_OE,1
PSC,P3,15,A,Cycles,Matter,PSC_iScience_LB_0_0295_MCQ,1
PSC,P3,15,A,Cycles,Matter,PSC_iScience_LB_0_0296_MCQ,1
PSC,P3,15,A,Cycles,Matter,PSC_iScience_LB_0_0297_MCQ,1
PSC,P3,15,A,Cycles,Matter,PSC_iScience_LB_0_0298_MCQ,1
PSC,P3,15,A,Cycles,Matter,PSC_iScience_LB_0_0299_MCQ,1
PSC,P3,15,A,Cycles,Matter,PSC_iScience_LB_0_0300_MCQ,1
PSC,P3,15,A,Cycles,Matter,PSC_iScience_LB_0_0301_MCQ,1
PSC,P3,16,A,Systems,Plants,PSC_iScience_LB_0_0302_MCQ,1
PSC,P3,16,A,Systems,Plants,PSC_iScience_LB_0_0303_MCQ,1
PSC,P3,16,A,Systems,Plants,PSC_iScience_LB_0_0304_MCQ,1
PSC,P3,16,A,Systems,Plants,PSC_iScience_LB_0_0305_MCQ,1
PSC,P3,16,A,Systems,Plants,PSC_iScience_LB_0_0306_MCQ,1
PSC,P3,16,A,Systems,Plants,PSC_iScience_LB_0_0307_MCQ,1
PSC,P3,16,A,Systems,Plants,PSC_iScience_LB_0_0308_MCQ,1
PSC,P3,16,A,Systems,Plants,PSC_iScience_LB_0_0309_MCQ,1
PSC,P3,16,A,Systems,Plants,PSC_iScience_LB_0_0310_MCQ,1
PSC,P3,16,A,Systems,Plants,PSC_iScience_LB_0_0311_MCQ,1
PSC,P3,16,A,Systems,Plants,PSC_iScience_LB_0_0312_MCQ,1
PSC,P3,16,A,Systems,Plants,PSC_iScience_LB_0_0313_MCQ,1
PSC,P3,16,A,Systems,Plants,PSC_iScience_LB_0_0314_MCQ,1
PSC,P3,16,A,Systems,Plants,PSC_iScience_LB_0_0315_MCQ,1
PSC,P3,16,A,Diversity,Living things,PSC_iScience_LB_0_0316_MCQ,1
PSC,P3,16,A,Systems,Plants,PSC_iScience_LB_0_0317_MCQ,1
PSC,P3,16,A,Systems,Plants,PSC_iScience_LB_0_0318_MCQ,1
PSC,P3,16,A,Systems,Plants,PSC_iScience_LB_0_0319_MCQ,1
PSC,P3,16,A,Systems,Plants,PSC_iScience_LB_0_0320_OE,1
PSC,P3,16,A,Systems,Plants,PSC_iScience_LB_0_0321_MCQ,1
PSC,P3,17,A,Systems,Plants,PSC_iScience_LB_0_0322_MCQ,1
PSC,P3,17,A,Systems,Plants,PSC_iScience_LB_0_0323_MCQ,1
PSC,P3,17,A,Systems,Plants,PSC_iScience_LB_0_0324_OE,1
PSC,P3,17,A,Systems,Plants,PSC_iScience_LB_0_0325_OE,1
PSC,P3,17,A,Systems,Plants,PSC_iScience_LB_0_0326_MCQ,1
PSC,P3,17,A,Systems,Plants,PSC_iScience_LB_0_0327_MCQ,1
PSC,P3,17,A,Systems,Plants,PSC_iScience_LB_0_0328_OE,1
PSC,P3,17,A,Systems,Plants,PSC_iScience_LB_0_0329_OE,1
PSC,P3,17,A,Systems,Plants,PSC_iScience_LB_0_0330_FIB,1
PSC,P3,17,A,Systems,Humans,PSC_iScience_LB_0_0331_MCQ,1
PSC,P3,17,A,Systems,Humans,PSC_iScience_LB_0_0332_MCQ,1
PSC,P3,17,A,Systems,Humans,PSC_iScience_LB_0_0333_MCQ,1
PSC,P3,17,A,Systems,Humans,PSC_iScience_LB_0_0334_MCQ,1
PSC,P3,17,A,Systems,Humans,PSC_iScience_LB_0_0335_MCQ,1
PSC,P3,17,A,Systems,Humans,PSC_iScience_LB_0_0336_MCQ,1
PSC,P3,17,A,Systems,Humans,PSC_iScience_LB_0_0337_MCQ,1
PSC,P3,17,A,Systems,Humans,PSC_iScience_LB_0_0338_MCQ,1
PSC,P3,17,A,Systems,Humans,PSC_iScience_LB_0_0339_OE,1
PSC,P3,17,A,Systems,Humans,PSC_iScience_LB_0_0340_OE,1
PSC,P3,17,A,Systems,Humans,PSC_iScience_LB_0_0341_OE,1
PSC,P3,18,A,Systems,Humans,PSC_iScience_LB_0_0342_MCQ,1
PSC,P3,18,A,Systems,Plants,PSC_iScience_LB_0_0343_MCQ,1
PSC,P3,18,A,Systems,Humans,PSC_iScience_LB_0_0344_FIB,1
PSC,P3,18,A,Systems,Humans,PSC_iScience_LB_0_0345_MCQ,1
PSC,P3,18,A,Systems,Humans,PSC_iScience_LB_0_0346_MCQ,1
PSC,P3,18,A,Systems,Humans,PSC_iScience_LB_0_0347_MCQ,1
PSC,P3,18,A,Systems,Humans,PSC_iScience_LB_0_0348_MCQ,1
PSC,P3,18,A,Systems,Humans,PSC_iScience_LB_0_0349_FIB,1
PSC,P3,18,A,Systems,Humans,PSC_iScience_LB_0_0350_OE,1
PSC,P3,18,A,Interactions,Magnets,PSC_iScience_LB_0_0351_MCQ,1
PSC,P3,18,A,Interactions,Magnets,PSC_iScience_LB_0_0352_MCQ,1
PSC,P3,18,A,Interactions,Magnets,PSC_iScience_LB_0_0353_MCQ,1
PSC,P3,18,A,Interactions,Magnets,PSC_iScience_LB_0_0354_MCQ,1
PSC,P3,18,A,Interactions,Magnets,PSC_iScience_LB_0_0355_MCQ,1
PSC,P3,18,A,Interactions,Magnets,PSC_iScience_LB_0_0356_FIB,1
PSC,P3,18,A,Interactions,Magnets,PSC_iScience_LB_0_0357_MCQ,1
PSC,P3,18,A,Interactions,Magnets,PSC_iScience_LB_0_0358_MCQ,1
PSC,P3,18,A,Interactions,Magnets,PSC_iScience_LB_0_0359_MCQ,1
PSC,P3,18,A,Interactions,Magnets,PSC_iScience_LB_0_0360_MCQ,1
PSC,P3,18,A,Interactions,Magnets,PSC_iScience_LB_0_0361_MCQ,1
PSC,P3,19,A,Interactions,Magnets,PSC_iScience_LB_0_0362_MCQ,1
PSC,P3,19,A,Interactions,Magnets,PSC_iScience_LB_0_0363_MCQ,1
PSC,P3,19,A,Energy,Light,PSC_iScience_LB_0_0364_MCQ,1
PSC,P3,19,A,Energy,Light,PSC_iScience_LB_0_0365_OE,1
PSC,P3,19,A,Energy,Light,PSC_iScience_LB_0_0366_OE,1
PSC,P3,19,A,Energy,Light,PSC_iScience_LB_0_0367_MCQ,1
PSC,P3,19,A,Energy,Light,PSC_iScience_LB_0_0368_MCQ,1
PSC,P3,19,A,Energy,Light,PSC_iScience_LB_0_0369_MCQ,1
PSC,P3,19,A,Energy,Light,PSC_iScience_LB_0_0370_MCQ,1
PSC,P3,19,A,Energy,Light,PSC_iScience_LB_0_0371_MCQ,1
PSC,P3,19,A,Energy,Light,PSC_iScience_LB_0_0372_MCQ,1
PSC,P3,19,A,Energy,Light,PSC_iScience_LB_0_0373_MCQ,1
PSC,P3,19,A,Energy,Light,PSC_iScience_LB_0_0374_MCQ,1
PSC,P3,19,A,Energy,Light,PSC_iScience_LB_0_0375_MCQ,1
PSC,P3,19,A,Energy,Light,PSC_iScience_LB_0_0376_OE,1
PSC,P3,19,A,Energy,Light,PSC_iScience_LB_0_0377_OE,1
PSC,P3,19,A,Energy,Light,PSC_iScience_LB_0_0378_FIB,1
PSC,P3,19,A,Energy,Light,PSC_iScience_LB_0_0379_FIB,1
PSC,P3,19,A,Energy,Light,PSC_iScience_LB_0_0380_MCQ,1
PSC,P3,19,A,Energy,Light,PSC_iScience_LB_0_0381_MCQ,1
PSC,P3,20,A,Energy,Light,PSC_iScience_LB_0_0382_MCQ,1
PSC,P3,20,A,Energy,Light,PSC_iScience_LB_0_0383_MCQ,1
PSC,P3,20,A,Energy,Light,PSC_iScience_LB_0_0384_MCQ,1
PSC,P3,20,A,Energy,Light,PSC_iScience_LB_0_0385_MCQ,1
PSC,P3,20,A,Energy,Light,PSC_iScience_LB_0_0386_MCQ,1
PSC,P3,20,A,Energy,Light,PSC_iScience_LB_0_0387_MCQ,1
PSC,P3,20,A,Energy,Heat and Temperature,PSC_iScience_LB_0_0388_MCQ,1
PSC,P3,20,A,Energy,Heat and Temperature,PSC_iScience_LB_0_0389_MCQ,1
PSC,P3,20,A,Energy,Heat and Temperature,PSC_iScience_LB_0_0390_MCQ,1
PSC,P3,20,A,Energy,Heat and Temperature,PSC_iScience_LB_0_0391_MCQ,1
PSC,P3,20,A,Energy,Heat and Temperature,PSC_iScience_LB_0_0392_MCQ,1
PSC,P3,20,A,Energy,Heat and Temperature,PSC_iScience_LB_0_0393_MCQ,1
PSC,P3,20,A,Energy,Heat and Temperature,PSC_iScience_LB_0_0394_MCQ,1
PSC,P3,20,A,Energy,Heat and Temperature,PSC_iScience_LB_0_0395_MCQ,1
PSC,P3,20,A,Energy,Heat and Temperature,PSC_iScience_LB_0_0396_MCQ,1
PSC,P3,20,A,Energy,Heat and Temperature,PSC_iScience_LB_0_0397_MCQ,1
PSC,P3,20,A,Energy,Heat and Temperature,PSC_iScience_LB_0_0398_MCQ,1
PSC,P3,20,A,Energy,Heat and Temperature,PSC_iScience_LB_0_0399_MCQ,1
PSC,P3,20,A,Energy,Heat and Temperature,PSC_iScience_LB_0_0400_MCQ,1
PSC,P3,20,A,Energy,Heat and Temperature,PSC_iScience_LB_0_0401_MCQ,1
PSC,P3,21,A,Energy,Heat and Temperature,PSC_iScience_LB_0_0402_MCQ,1
PSC,P3,21,A,Energy,Heat and Temperature,PSC_iScience_LB_0_0403_MCQ,1
PSC,P3,21,A,Living and Non-living Things,Living things,PSC_iScience_LB_0_0404_OE,1
PSC,P3,21,A,Living and Non-living Things,Living things,PSC_iScience_LB_0_0405_MCQ,1
PSC,P3,21,A,Living and Non-living Things,Non-living things,PSC_iScience_LB_0_0406_OE,1
PSC,P3,21,A,Living and Non-living Things,Living things and non-living things,PSC_iScience_LB_0_0407_FIB,1
PSC,P3,21,A,Living and Non-living Things,Living things and non-living things,PSC_iScience_LB_0_0408_OE,1
PSC,P3,21,A,Living and Non-living Things,Living things,PSC_iScience_LB_0_0409_MCQ,1
PSC,P3,21,A,Diversity,Living things,PSC_iScience_LB_0_0410_OE,1
PSC,P3,21,A,Diversity,Living things,PSC_iScience_LB_0_0411_FIB,1
PSC,P3,21,A,Diversity,Living things,PSC_iScience_LB_0_0412_OE,1
PSC,P3,21,A,Diversity,Living things,PSC_iScience_LB_0_0413_MCQ,1
PSC,P3,21,A,Diversity,Living things,PSC_iScience_LB_0_0414_MCQ,1
PSC,P3,21,A,Diversity,Living things,PSC_iScience_LB_0_0415_OE,1
PSC,P3,21,A,Diversity,Living things,PSC_iScience_LB_0_0416_OE,1
PSC,P3,21,A,Diversity,Living things,PSC_iScience_LB_0_0417_MCQ,1
PSC,P3,21,A,Diversity,Living things,PSC_iScience_LB_0_0418_MCQ,1
PSC,P3,21,A,Diversity,Living things,PSC_iScience_LB_0_0419_FIB,1
PSC,P3,21,A,Diversity,Living things,PSC_iScience_LB_0_0420_MCQ,1
PSC,P3,21,A,Diversity,Materials,PSC_iScience_LB_0_0421_MCQ,1
PSC,P3,22,A,Diversity,Materials,PSC_iScience_LB_0_0422_OE,1
PSC,P3,22,A,Diversity,Materials,PSC_iScience_LB_0_0423_MCQ,1
PSC,P3,22,A,Diversity,Materials,PSC_iScience_LB_0_0424_FIB,1
PSC,P3,22,A,Diversity,Materials,PSC_iScience_LB_0_0425_MCQ,1
PSC,P3,22,A,Diversity,Materials,PSC_iScience_LB_0_0426_FIB,1
PSC,P3,22,A,Diversity,Materials,PSC_iScience_LB_0_0427_FIB,1
PSC,P3,22,A,Diversity,Materials,PSC_iScience_LB_0_0428_FIB,1
PSC,P3,22,A,Diversity,Materials,PSC_iScience_LB_0_0429_OE,1
PSC,P3,22,A,Diversity,Materials,PSC_iScience_LB_0_0430_MCQ,1
PSC,P3,22,A,Cycles,Life cycles,PSC_iScience_LB_0_0431_MCQ,1
PSC,P3,22,A,Cycles,Life cycles,PSC_iScience_LB_0_0432_FIB,1
PSC,P3,22,A,Cycles,Life cycles,PSC_iScience_LB_0_0433_MCQ,1
PSC,P3,22,A,Cycles,Life cycles,PSC_iScience_LB_0_0434_FIB,1
PSC,P3,22,A,Cycles,Life cycles,PSC_iScience_LB_0_0435_MCQ,1
PSC,P3,22,A,Cycles,Life cycles,PSC_iScience_LB_0_0436_FIB,1
PSC,P3,22,A,Cycles,Life cycles,PSC_iScience_LB_0_0437_MCQ,1
PSC,P3,22,A,Cycles,Life cycles,PSC_iScience_LB_0_0438_OE,1
PSC,P3,22,A,Cycles,Life cycles,PSC_iScience_LB_0_0439_FIB,1
PSC,P3,22,A,Cycles,Life cycles,PSC_iScience_LB_0_0440_OE,1
PSC,P3,22,A,Cycles,Matter,PSC_iScience_LB_0_0441_MCQ,1
PSC,P3,23,A,Cycles,Matter,PSC_iScience_LB_0_0442_OE,1
PSC,P3,23,A,Cycles,Matter,PSC_iScience_LB_0_0443_MCQ,1
PSC,P3,23,A,Cycles,Matter,PSC_iScience_LB_0_0444_MCQ,1
PSC,P3,23,A,Cycles,Matter,PSC_iScience_LB_0_0445_MCQ,1
PSC,P3,23,A,Cycles,Matter,PSC_iScience_LB_0_0446_FIB,1
PSC,P3,23,A,Cycles,Matter,PSC_iScience_LB_0_0447_FIB,1
PSC,P3,23,A,Cycles,Matter,PSC_iScience_LB_0_0448_FIB,1
PSC,P3,23,A,Cycles,Matter,PSC_iScience_LB_0_0449_MCQ,1
PSC,P3,23,A,Cycles,Matter,PSC_iScience_LB_0_0450_MCQ,1
PSC,P3,23,A,Systems,Plants,PSC_iScience_LB_0_0451_FIB,1
PSC,P3,23,A,Systems,Plants,PSC_iScience_LB_0_0452_MCQ,1
PSC,P3,23,A,Systems,Plants,PSC_iScience_LB_0_0453_MCQ,1
PSC,P3,23,A,Systems,Plants,PSC_iScience_LB_0_0454_MCQ,1
PSC,P3,23,A,Systems,Plants,PSC_iScience_LB_0_0455_MCQ,1
PSC,P3,23,A,Systems,Plants,PSC_iScience_LB_0_0456_MCQ,1
PSC,P3,23,A,Systems,Plants,PSC_iScience_LB_0_0457_OE,2
PSC,P3,23,A,Systems,Plants,PSC_iScience_LB_0_0458_OE,1
PSC,P3,23,A,Systems,Plants,PSC_iScience_LB_0_0459_MCQ,2
PSC,P3,23,A,Systems,Plants,PSC_iScience_LB_0_0460_OE,2
PSC,P3,23,A,Systems,Humans,PSC_iScience_LB_0_0461_FIB,1
PSC,P3,24,A,Systems,Humans,PSC_iScience_LB_0_0462_FIB,2
PSC,P3,24,A,Systems,Humans,PSC_iScience_LB_0_0463_MCQ,1
PSC,P3,24,A,Systems,Humans,PSC_iScience_LB_0_0464_MCQ,1
PSC,P3,24,A,Systems,Humans,PSC_iScience_LB_0_0465_OE,1
PSC,P3,24,A,Systems,Humans,PSC_iScience_LB_0_0466_OE,1
PSC,P3,24,A,Systems,Humans,PSC_iScience_LB_0_0467_MCQ,2
PSC,P3,24,A,Systems,Humans,PSC_iScience_LB_0_0468_OE,1
PSC,P3,24,A,Systems,Humans,PSC_iScience_LB_0_0469_MCQ,1
PSC,P3,24,A,Systems,Humans,PSC_iScience_LB_0_0470_MCQ,1
PSC,P3,24,A,Systems,Humans,PSC_iScience_LB_0_0471_MCQ,1
PSC,P3,24,A,Systems,Humans,PSC_iScience_LB_0_0472_MCQ,1
PSC,P3,24,A,Systems,Humans,PSC_iScience_LB_0_0473_MCQ,1
PSC,P3,24,A,Interactions,Magnets,PSC_iScience_LB_0_0474_OE,1
PSC,P3,24,A,Interactions,Magnets,PSC_iScience_LB_0_0475_MCQ,1
PSC,P3,24,A,Interactions,Magnets,PSC_iScience_LB_0_0476_MCQ,1
PSC,P3,24,A,Interactions,Magnets,PSC_iScience_LB_0_0477_OE,1
PSC,P3,24,A,Interactions,Magnets,PSC_iScience_LB_0_0478_MCQ,1
PSC,P3,24,A,Interactions,Magnets,PSC_iScience_LB_0_0479_FIB,1
PSC,P3,24,A,Interactions,Magnets,PSC_iScience_LB_0_0480_MCQ,1
PSC,P3,24,A,Interactions,Magnets,PSC_iScience_LB_0_0481_MCQ,1
PSC,P3,25,A,Interactions,Magnets,PSC_iScience_LB_0_0482_FIB,1
PSC,P3,25,A,Interactions,Magnets,PSC_iScience_LB_0_0483_MCQ,1
PSC,P3,25,A,Energy,Light,PSC_iScience_LB_0_0484_OE,1
PSC,P3,25,A,Energy,Light,PSC_iScience_LB_0_0485_OE,2
PSC,P3,25,A,Energy,Light,PSC_iScience_LB_0_0486_OE,2
PSC,P3,25,A,Energy,Light,PSC_iScience_LB_0_0487_FIB,1
PSC,P3,25,A,Energy,Light,PSC_iScience_LB_0_0488_OE,1
PSC,P3,25,A,Energy,Light,PSC_iScience_LB_0_0489_MCQ,1
PSC,P3,25,A,Energy,Light,PSC_iScience_LB_0_0490_OE,1
PSC,P3,25,A,Energy,Light,PSC_iScience_LB_0_0491_OE,1
PSC,P3,25,A,Energy,Light,PSC_iScience_LB_0_0492_MCQ,1
PSC,P3,25,A,Energy,Light,PSC_iScience_LB_0_0493_MCQ,1
PSC,P3,25,A,Energy,Heat and Temperature,PSC_iScience_LB_0_0494_OE,1
PSC,P3,25,A,Energy,Heat and Temperature,PSC_iScience_LB_0_0495_MCQ,1
PSC,P3,25,A,Energy,Heat and Temperature,PSC_iScience_LB_0_0496_OE,1
PSC,P3,25,A,Energy,Heat and Temperature,PSC_iScience_LB_0_0497_OE,1
PSC,P3,25,A,Energy,Heat and Temperature,PSC_iScience_LB_0_0498_OE,1
PSC,P3,25,A,Energy,Heat and Temperature,PSC_iScience_LB_0_0499_MCQ,1
PSC,P3,25,A,Energy,Heat and Temperature,PSC_iScience_LB_0_0500_MCQ,1
PSC,P3,25,A,Energy,Heat and Temperature,PSC_iScience_LB_0_0501_MCQ,1
PSC,P3,26,A,Energy,Heat and Temperature,PSC_iScience_LB_0_0502_MCQ,1
PSC,P3,26,A,Energy,Heat and Temperature,PSC_iScience_LB_0_0503_MCQ,1