Book Title,Level,Sub,Ex,Topic,Description,Resource ID,Difficulty Level
MY PALS ARE HERE! Science Process Skills Primary 5&6,P5,1,1,Energy,Energy in food,PSC_MPHUB_Energy_0_0001_OE,1
MY PALS ARE HERE! Science Process Skills Primary 5&6,P5,1,1,Energy,Energy in food,PSC_MPHUB_Energy_0_0002_OE,1
MY PALS ARE HERE! Science Process Skills Primary 5&6,P5,1,1,Energy,Energy in food,PSC_MPHUB_Energy_0_0003_OE,1
MY PALS ARE HERE! Science Process Skills Primary 5&6,P5,1,1,Energy,Energy in food,PSC_MPHUB_Energy_0_0004_OE,1
MY PALS ARE HERE! Science Process Skills Primary 5&6,P5,1,1,Energy,Energy in food,PSC_MPHUB_Energy_0_0005_OE,1
MY PALS ARE HERE! Science Process Skills Primary 5&6,P5,1,1,Energy,Energy in food,PSC_MPHUB_Energy_0_0006_OE,1
MY PALS ARE HERE! Science Process Skills Primary 5&6,P5,1,1,Energy,Energy in food,PSC_MPHUB_Energy_0_0007_OE,1
MY PALS ARE HERE! Science Process Skills Primary 5&6,P5,2,1,Energy,Forms and uses of energy,PSC_MPHUB_Energy_0_0008_OE,1
MY PALS ARE HERE! Science Process Skills Primary 5&6,P5,2,1,Energy,Forms and uses of energy,PSC_MPHUB_Energy_0_0010_OE,1
MY PALS ARE HERE! Science Process Skills Primary 5&6,P5,2,1,Energy,Forms and uses of energy,PSC_MPHUB_Energy_0_0011_OE,1
MY PALS ARE HERE! Science Process Skills Primary 5&6,P5,2,1,Energy,Forms and uses of energy,PSC_MPHUB_Energy_0_0012_OE,1
MY PALS ARE HERE! Science Process Skills Primary 5&6,P5,2,1,Energy,Forms and uses of energy,PSC_MPHUB_Energy_0_0013_OE,1
MY PALS ARE HERE! Science Process Skills Primary 5&6,P5,2,1,Energy,Forms and uses of energy,PSC_MPHUB_Energy_0_0014_OE,1
MY PALS ARE HERE! Science Process Skills Primary 5&6,P5,2,1,Energy,Forms and uses of energy,PSC_MPHUB_Energy_0_0015_OE,1
MY PALS ARE HERE! Science Process Skills Primary 5&6,P5,2,1,Energy,Forms and uses of energy,PSC_MPHUB_Energy_0_0016_OE,1
MY PALS ARE HERE! Science Process Skills Primary 5&6,P5,3,1,Energy,Sources of energy,PSC_MPHUB_Energy_0_0017_OE,1
MY PALS ARE HERE! Science Process Skills Primary 5&6,P5,3,1,Energy,Sources of energy,PSC_MPHUB_Energy_0_0018_OE,1
MY PALS ARE HERE! Science Process Skills Primary 5&6,P5,3,1,Energy,Sources of energy,PSC_MPHUB_Energy_0_0019_OE,1
MY PALS ARE HERE! Science Process Skills Primary 5&6,P5,3,1,Energy,Sources of energy,PSC_MPHUB_Energy_0_0020_OE,1